[
  {
    "Istasyon_No": 17020,
    "Istasyon_Adi": "BARTIN",
    "Il": "Bart?n",
    "lat": 41.6248,
    "lon": 32.3569
  },
  {
    "Istasyon_No": 17022,
    "Istasyon_Adi": "ZONGULDAK",
    "Il": "Zonguldak",
    "lat": 41.449242,
    "lon": 31.777917
  },
  {
    "Istasyon_No": 17026,
    "Istasyon_Adi": "S?NOP",
    "Il": "Sinop",
    "lat": 42.0299,
    "lon": 35.1545
  },
  {
    "Istasyon_No": 17030,
    "Istasyon_Adi": "SAMSUN B?LGE",
    "Il": "Samsun",
    "lat": 41.344167,
    "lon": 36.256389
  },
  {
    "Istasyon_No": 17033,
    "Istasyon_Adi": "ORDU",
    "Il": "Ordu",
    "lat": 40.9838,
    "lon": 37.8858
  },
  {
    "Istasyon_No": 17034,
    "Istasyon_Adi": "G?RESUN",
    "Il": "Giresun",
    "lat": 40.9227,
    "lon": 38.3878
  },
  {
    "Istasyon_No": 17037,
    "Istasyon_Adi": "TRABZON B?LGE",
    "Il": "Trabzon",
    "lat": 40.9985,
    "lon": 39.7649
  },
  {
    "Istasyon_No": 17040,
    "Istasyon_Adi": "R?ZE",
    "Il": "Rize",
    "lat": 41.04,
    "lon": 40.5013
  },
  {
    "Istasyon_No": 17045,
    "Istasyon_Adi": "ARTV?N",
    "Il": "Artvin",
    "lat": 41.1752,
    "lon": 41.8187
  },
  {
    "Istasyon_No": 17046,
    "Istasyon_Adi": "ARDAHAN",
    "Il": "Ardahan",
    "lat": 41.1061,
    "lon": 42.7055
  },
  {
    "Istasyon_No": 17050,
    "Istasyon_Adi": "ED?RNE",
    "Il": "Edirne",
    "lat": 41.6767,
    "lon": 26.5508
  },
  {
    "Istasyon_No": 17052,
    "Istasyon_Adi": "KIRKLAREL?",
    "Il": "K?rklareli",
    "lat": 41.7382,
    "lon": 27.2178
  },
  {
    "Istasyon_No": 17056,
    "Istasyon_Adi": "TEK?RDA?",
    "Il": "Tekirda?",
    "lat": 40.9585,
    "lon": 27.4965
  },
  {
    "Istasyon_No": 17064,
    "Istasyon_Adi": "?STANBUL B?LGE",
    "Il": "?stanbul",
    "lat": 40.9113,
    "lon": 29.1558
  },
  {
    "Istasyon_No": 17066,
    "Istasyon_Adi": "KOCAEL?",
    "Il": "Kocaeli",
    "lat": 40.7663,
    "lon": 29.9173
  },
  {
    "Istasyon_No": 17069,
    "Istasyon_Adi": "SAKARYA",
    "Il": "Sakarya",
    "lat": 40.7676,
    "lon": 30.3934
  },
  {
    "Istasyon_No": 17070,
    "Istasyon_Adi": "BOLU",
    "Il": "Bolu",
    "lat": 40.7329,
    "lon": 31.6022
  },
  {
    "Istasyon_No": 17072,
    "Istasyon_Adi": "D?ZCE",
    "Il": "D?zce",
    "lat": 40.8437,
    "lon": 31.1488
  },
  {
    "Istasyon_No": 17074,
    "Istasyon_Adi": "KASTAMONU",
    "Il": "Kastamonu",
    "lat": 41.371,
    "lon": 33.7756
  },
  {
    "Istasyon_No": 17077,
    "Istasyon_Adi": "KARAB?K KAPULLU",
    "Il": "Karab?k",
    "lat": 41.2327,
    "lon": 32.6294
  },
  {
    "Istasyon_No": 17078,
    "Istasyon_Adi": "KARABUK             ",
    "Il": "Karab?k",
    "lat": 41.1961,
    "lon": 32.6213
  },
  {
    "Istasyon_No": 17080,
    "Istasyon_Adi": "?ANKIRI",
    "Il": "?ank?r?",
    "lat": 40.6082,
    "lon": 33.6102
  },
  {
    "Istasyon_No": 17084,
    "Istasyon_Adi": "?ORUM",
    "Il": "?orum",
    "lat": 40.5461,
    "lon": 34.9362
  },
  {
    "Istasyon_No": 17085,
    "Istasyon_Adi": "AMASYA",
    "Il": "Amasya",
    "lat": 40.6668,
    "lon": 35.8353
  },
  {
    "Istasyon_No": 17086,
    "Istasyon_Adi": "TOKAT",
    "Il": "Tokat",
    "lat": 40.3312,
    "lon": 36.5577
  },
  {
    "Istasyon_No": 17088,
    "Istasyon_Adi": "G?M??HANE",
    "Il": "G?m??hane",
    "lat": 40.4598,
    "lon": 39.4653
  },
  {
    "Istasyon_No": 17089,
    "Istasyon_Adi": "BAYBURT",
    "Il": "Bayburt",
    "lat": 40.2547,
    "lon": 40.2207
  },
  {
    "Istasyon_No": 17090,
    "Istasyon_Adi": "S?VAS",
    "Il": "Sivas",
    "lat": 39.7437,
    "lon": 37.002
  },
  {
    "Istasyon_No": 17094,
    "Istasyon_Adi": "ERZ?NCAN",
    "Il": "Erzincan",
    "lat": 39.7523,
    "lon": 39.4868
  },
  {
    "Istasyon_No": 17096,
    "Istasyon_Adi": "ERZURUM HAVAL?MANI",
    "Il": "Erzurum",
    "lat": 39.9529,
    "lon": 41.1897
  },
  {
    "Istasyon_No": 17097,
    "Istasyon_Adi": "KARS",
    "Il": "Kars",
    "lat": 40.6042,
    "lon": 43.1073
  },
  {
    "Istasyon_No": 17099,
    "Istasyon_Adi": "A?RI",
    "Il": "A?r?",
    "lat": 39.7253,
    "lon": 43.0522
  },
  {
    "Istasyon_No": 17100,
    "Istasyon_Adi": "I?DIR",
    "Il": "I?d?r",
    "lat": 39.9227,
    "lon": 44.0523
  },
  {
    "Istasyon_No": 17112,
    "Istasyon_Adi": "?ANAKKALE",
    "Il": "?anakkale",
    "lat": 40.141,
    "lon": 26.3993
  },
  {
    "Istasyon_No": 17116,
    "Istasyon_Adi": "BURSA",
    "Il": "Bursa",
    "lat": 40.2308,
    "lon": 29.0133
  },
  {
    "Istasyon_No": 17119,
    "Istasyon_Adi": "YALOVA",
    "Il": "Yalova",
    "lat": 40.6589,
    "lon": 29.2796
  },
  {
    "Istasyon_No": 17120,
    "Istasyon_Adi": "B?LEC?K",
    "Il": "Bilecik",
    "lat": 40.1414,
    "lon": 29.9772
  },
  {
    "Istasyon_No": 17126,
    "Istasyon_Adi": "ESK??EH?R B?LGE",
    "Il": "Eski?ehir",
    "lat": 39.7656,
    "lon": 30.5502
  },
  {
    "Istasyon_No": 17130,
    "Istasyon_Adi": "ANKARA B?LGE",
    "Il": "Ankara",
    "lat": 39.9727,
    "lon": 32.8637
  },
  {
    "Istasyon_No": 17135,
    "Istasyon_Adi": "KIRIKKALE",
    "Il": "K?r?kkale",
    "lat": 39.8433,
    "lon": 33.5181
  },
  {
    "Istasyon_No": 17140,
    "Istasyon_Adi": "YOZGAT",
    "Il": "Yozgat",
    "lat": 39.8243,
    "lon": 34.8159
  },
  {
    "Istasyon_No": 17150,
    "Istasyon_Adi": "BALIKES?R HAVAL?MANI",
    "Il": "Bal?kesir",
    "lat": 39.6326,
    "lon": 27.9201
  },
  {
    "Istasyon_No": 17152,
    "Istasyon_Adi": "BALIKESIR           ",
    "Il": "Bal?kesir",
    "lat": 39.65,
    "lon": 27.8666
  },
  {
    "Istasyon_No": 17155,
    "Istasyon_Adi": "K?TAHYA",
    "Il": "K?tahya",
    "lat": 39.4171,
    "lon": 29.9891
  },
  {
    "Istasyon_No": 17160,
    "Istasyon_Adi": "KIR?EH?R",
    "Il": "K?r?ehir",
    "lat": 39.1639,
    "lon": 34.1561
  },
  {
    "Istasyon_No": 17165,
    "Istasyon_Adi": "TUNCEL?",
    "Il": "Tunceli",
    "lat": 39.1058,
    "lon": 39.5408
  },
  {
    "Istasyon_No": 17172,
    "Istasyon_Adi": "VAN B?LGE",
    "Il": "Van",
    "lat": 38.4693,
    "lon": 43.346
  },
  {
    "Istasyon_No": 17186,
    "Istasyon_Adi": "MAN?SA",
    "Il": "Manisa",
    "lat": 38.6153,
    "lon": 27.4049
  },
  {
    "Istasyon_No": 17188,
    "Istasyon_Adi": "U?AK",
    "Il": "U?ak",
    "lat": 38.671233,
    "lon": 29.40404
  },
  {
    "Istasyon_No": 17190,
    "Istasyon_Adi": "AFYONKARAH?SAR B?LGE",
    "Il": "Afyonkarahisar",
    "lat": 38.738,
    "lon": 30.5604
  },
  {
    "Istasyon_No": 17192,
    "Istasyon_Adi": "AKSARAY",
    "Il": "Aksaray",
    "lat": 38.3705,
    "lon": 33.9987
  },
  {
    "Istasyon_No": 17193,
    "Istasyon_Adi": "NEV?EH?R",
    "Il": "Nev?ehir",
    "lat": 38.6163,
    "lon": 34.7025
  },
  {
    "Istasyon_No": 17196,
    "Istasyon_Adi": "KAYSER? B?LGE",
    "Il": "Kayseri",
    "lat": 38.687,
    "lon": 35.5
  },
  {
    "Istasyon_No": 17199,
    "Istasyon_Adi": "MALATYA",
    "Il": "Malatya",
    "lat": 38.3367,
    "lon": 38.2173
  },
  {
    "Istasyon_No": 17201,
    "Istasyon_Adi": "ELAZI? B?LGE",
    "Il": "Elaz??",
    "lat": 38.6443,
    "lon": 39.2561
  },
  {
    "Istasyon_No": 17203,
    "Istasyon_Adi": "B?NG?L",
    "Il": "Bing?l",
    "lat": 38.8847,
    "lon": 40.5007
  },
  {
    "Istasyon_No": 17204,
    "Istasyon_Adi": "MU?",
    "Il": "Mu?",
    "lat": 38.7509,
    "lon": 41.5023
  },
  {
    "Istasyon_No": 17207,
    "Istasyon_Adi": "BITLIS MET.IST.     ",
    "Il": "Bitlis",
    "lat": 38.3666,
    "lon": 42.1
  },
  {
    "Istasyon_No": 17208,
    "Istasyon_Adi": "B?TL?S",
    "Il": "Bitlis",
    "lat": 38.475,
    "lon": 42.1625
  },
  {
    "Istasyon_No": 17210,
    "Istasyon_Adi": "S??RT",
    "Il": "Siirt",
    "lat": 37.9319,
    "lon": 41.9354
  },
  {
    "Istasyon_No": 17220,
    "Istasyon_Adi": "?ZM?R B?LGE",
    "Il": "?zmir",
    "lat": 38.3949,
    "lon": 27.0819
  },
  {
    "Istasyon_No": 17234,
    "Istasyon_Adi": "AYDIN",
    "Il": "Ayd?n",
    "lat": 37.8402,
    "lon": 27.8379
  },
  {
    "Istasyon_No": 17237,
    "Istasyon_Adi": "DEN?ZL?",
    "Il": "Denizli",
    "lat": 37.762,
    "lon": 29.0921
  },
  {
    "Istasyon_No": 17238,
    "Istasyon_Adi": "BURDUR",
    "Il": "Burdur",
    "lat": 37.722,
    "lon": 30.294
  },
  {
    "Istasyon_No": 17240,
    "Istasyon_Adi": "ISPARTA",
    "Il": "Isparta",
    "lat": 37.7848,
    "lon": 30.5679
  },
  {
    "Istasyon_No": 17244,
    "Istasyon_Adi": "KONYA HAVAL?MANI",
    "Il": "Konya",
    "lat": 37.9837,
    "lon": 32.574
  },
  {
    "Istasyon_No": 17246,
    "Istasyon_Adi": "KARAMAN",
    "Il": "Karaman",
    "lat": 37.1932,
    "lon": 33.2202
  },
  {
    "Istasyon_No": 17250,
    "Istasyon_Adi": "N??DE",
    "Il": "Ni?de",
    "lat": 37.9587,
    "lon": 34.6795
  },
  {
    "Istasyon_No": 17255,
    "Istasyon_Adi": "KAHRAMANMARA?",
    "Il": "Kahramanmara?",
    "lat": 37.576,
    "lon": 36.915
  },
  {
    "Istasyon_No": 17261,
    "Istasyon_Adi": "GAZ?ANTEP",
    "Il": "Gaziantep",
    "lat": 37.0585,
    "lon": 37.351
  },
  {
    "Istasyon_No": 17262,
    "Istasyon_Adi": "K?L?S",
    "Il": "Kilis",
    "lat": 36.7085,
    "lon": 37.1123
  },
  {
    "Istasyon_No": 17265,
    "Istasyon_Adi": "ADIYAMAN",
    "Il": "Ad?yaman",
    "lat": 37.7553,
    "lon": 38.2775
  },
  {
    "Istasyon_No": 17270,
    "Istasyon_Adi": "?ANLIURFA",
    "Il": "?anl?urfa",
    "lat": 37.1608,
    "lon": 38.7863
  },
  {
    "Istasyon_No": 17275,
    "Istasyon_Adi": "MARD?N",
    "Il": "Mardin",
    "lat": 37.3103,
    "lon": 40.7284
  },
  {
    "Istasyon_No": 17280,
    "Istasyon_Adi": "D?YARBAKIR HAVAL?MANI",
    "Il": "Diyarbak?r",
    "lat": 37.8973,
    "lon": 40.2027
  },
  {
    "Istasyon_No": 17282,
    "Istasyon_Adi": "BATMAN",
    "Il": "Batman",
    "lat": 37.8636,
    "lon": 41.1562
  },
  {
    "Istasyon_No": 17285,
    "Istasyon_Adi": "HAKKAR?",
    "Il": "Hakkari",
    "lat": 37.5745,
    "lon": 43.7388
  },
  {
    "Istasyon_No": 17287,
    "Istasyon_Adi": "?IRNAK",
    "Il": "??rnak",
    "lat": 37.5209,
    "lon": 42.4523
  },
  {
    "Istasyon_No": 17292,
    "Istasyon_Adi": "MU?LA",
    "Il": "Mu?la",
    "lat": 37.2095,
    "lon": 28.3668
  },
  {
    "Istasyon_No": 17300,
    "Istasyon_Adi": "ANTALYA HAVAL?MANI",
    "Il": "Antalya",
    "lat": 36.9063,
    "lon": 30.799
  },
  {
    "Istasyon_No": 17340,
    "Istasyon_Adi": "MERS?N",
    "Il": "Mersin",
    "lat": 36.7808,
    "lon": 34.6031
  },
  {
    "Istasyon_No": 17351,
    "Istasyon_Adi": "ADANA B?LGE",
    "Il": "Adana",
    "lat": 37.0041,
    "lon": 35.3443
  },
  {
    "Istasyon_No": 17355,
    "Istasyon_Adi": "OSMAN?YE",
    "Il": "Osmaniye",
    "lat": 37.1021,
    "lon": 36.2539
  },
  {
    "Istasyon_No": 17372,
    "Istasyon_Adi": "ANTAKYA",
    "Il": "Hatay",
    "lat": 36.2048,
    "lon": 36.1513
  },
  {
    "Istasyon_No": 17375,
    "Istasyon_Adi": "F?N?KE",
    "Il": "Antalya",
    "lat": 36.3024,
    "lon": 30.1458
  },
  {
    "Istasyon_No": 17636,
    "Istasyon_Adi": "FLORYA",
    "Il": "?stanbul",
    "lat": 40.9758,
    "lon": 28.7865
  }
]